inventory_group,source_id,name,source_url,exact_access_url,ats_platform,ats_tenant_identifier,access_method,configuration_location,status,last_attempted_ingestion,last_successful_ingestion,evidence,bounded_endpoint_observation,refresh_schedule,jobs_fetched_last_successful_run,current_unique_active_jobs,current_verified_remote_jobs,ingestion_permission_status,paid_board_display_permission_status,permission_evidence,restrictions_or_missing_configuration
direct_employer_or_ats_tenant,concentrix,Concentrix Careers,https://jobs.concentrix.com/,https://jobs.concentrix.com/,unknown,unknown,manual_official_career_page,src/lib/jobs/source-registry.ts#jobSources:concentrix; supabase/migrations/202609020003_job_source_expansion.sql,configured but unverified,never; zero job_source_runs in staging and production at audit time,never; zero job_source_runs in staging and production at audit time,"staging and production Supabase job_source_runs=0, jobs=0, job_source_references=0; audited 2026-09-08",not tested,none,0 (no successful run),0,0,manual_research_only,direct_link_only,https://jobs.concentrix.com/,No structured adapter configured; manual official-page research only.
direct_employer_or_ats_tenant,foundever,Foundever Careers,https://jobs.foundever.com/,https://jobs.foundever.com/,unknown,unknown,manual_official_career_page,src/lib/jobs/source-registry.ts#jobSources:foundever; supabase/migrations/202609020003_job_source_expansion.sql,configured but unverified,never; zero job_source_runs in staging and production at audit time,never; zero job_source_runs in staging and production at audit time,"staging and production Supabase job_source_runs=0, jobs=0, job_source_references=0; audited 2026-09-08",not tested,none,0 (no successful run),0,0,manual_research_only,direct_link_only,https://jobs.foundever.com/,No structured adapter configured; manual official-page research only.
direct_employer_or_ats_tenant,tp,TP Careers,https://www.tp.com/en-us/locations/united-states/careers/,https://www.tp.com/en-us/locations/united-states/careers/,unknown,unknown,manual_official_career_page,src/lib/jobs/source-registry.ts#jobSources:tp; supabase/migrations/202609020003_job_source_expansion.sql,configured but unverified,never; zero job_source_runs in staging and production at audit time,never; zero job_source_runs in staging and production at audit time,"staging and production Supabase job_source_runs=0, jobs=0, job_source_references=0; audited 2026-09-08",not tested,none,0 (no successful run),0,0,manual_research_only,direct_link_only,https://www.tp.com/en-us/locations/united-states/careers/,No structured adapter configured; manual official-page research only.
direct_employer_or_ats_tenant,alorica,Alorica Careers,https://www.alorica.com/careers,https://www.alorica.com/careers,unknown,unknown,manual_official_career_page,src/lib/jobs/source-registry.ts#jobSources:alorica; supabase/migrations/202609020003_job_source_expansion.sql,configured but unverified,never; zero job_source_runs in staging and production at audit time,never; zero job_source_runs in staging and production at audit time,"staging and production Supabase job_source_runs=0, jobs=0, job_source_references=0; audited 2026-09-08",not tested,none,0 (no successful run),0,0,manual_research_only,direct_link_only,https://www.alorica.com/careers,No structured adapter configured; manual official-page research only.
direct_employer_or_ats_tenant,conduent,Conduent Careers,https://careers.conduent.com/,https://careers.conduent.com/,unknown,unknown,manual_official_career_page,src/lib/jobs/source-registry.ts#jobSources:conduent; supabase/migrations/202609020003_job_source_expansion.sql,configured but unverified,never; zero job_source_runs in staging and production at audit time,never; zero job_source_runs in staging and production at audit time,"staging and production Supabase job_source_runs=0, jobs=0, job_source_references=0; audited 2026-09-08",not tested,none,0 (no successful run),0,0,manual_research_only,direct_link_only,https://careers.conduent.com/,No structured adapter configured; manual official-page research only.
direct_employer_or_ats_tenant,ttec,TTEC Careers,https://www.ttecjobs.com/,https://www.ttecjobs.com/,unknown,unknown,manual_official_career_page,src/lib/jobs/source-registry.ts#jobSources:ttec; supabase/migrations/202609020003_job_source_expansion.sql,configured but unverified,never; zero job_source_runs in staging and production at audit time,never; zero job_source_runs in staging and production at audit time,"staging and production Supabase job_source_runs=0, jobs=0, job_source_references=0; audited 2026-09-08",not tested,none,0 (no successful run),0,0,manual_research_only,direct_link_only,https://www.ttecjobs.com/,No structured adapter configured; manual official-page research only.
direct_employer_or_ats_tenant,cvs-health,CVS Health Careers,https://jobs.cvshealth.com/us/en/,https://jobs.cvshealth.com/us/en/,unknown,unknown,manual_official_career_page,src/lib/jobs/source-registry.ts#jobSources:cvs-health; supabase/migrations/202609020003_job_source_expansion.sql,configured but unverified,never; zero job_source_runs in staging and production at audit time,never; zero job_source_runs in staging and production at audit time,"staging and production Supabase job_source_runs=0, jobs=0, job_source_references=0; audited 2026-09-08",not tested,none,0 (no successful run),0,0,manual_research_only,direct_link_only,https://jobs.cvshealth.com/us/en/,No structured adapter configured; manual official-page research only.
direct_employer_or_ats_tenant,unitedhealth-group,UnitedHealth Group Careers,https://careers.unitedhealthgroup.com/,https://careers.unitedhealthgroup.com/,unknown,unknown,manual_official_career_page,src/lib/jobs/source-registry.ts#jobSources:unitedhealth-group; supabase/migrations/202609020003_job_source_expansion.sql,configured but unverified,never; zero job_source_runs in staging and production at audit time,never; zero job_source_runs in staging and production at audit time,"staging and production Supabase job_source_runs=0, jobs=0, job_source_references=0; audited 2026-09-08",not tested,none,0 (no successful run),0,0,manual_research_only,direct_link_only,https://careers.unitedhealthgroup.com/,No structured adapter configured; manual official-page research only.
direct_employer_or_ats_tenant,humana,Humana Careers,https://careers.humana.com/,https://careers.humana.com/,unknown,unknown,manual_official_career_page,src/lib/jobs/source-registry.ts#jobSources:humana; supabase/migrations/202609020003_job_source_expansion.sql,configured but unverified,never; zero job_source_runs in staging and production at audit time,never; zero job_source_runs in staging and production at audit time,"staging and production Supabase job_source_runs=0, jobs=0, job_source_references=0; audited 2026-09-08",not tested,none,0 (no successful run),0,0,manual_research_only,direct_link_only,https://careers.humana.com/,No structured adapter configured; manual official-page research only.
direct_employer_or_ats_tenant,cigna-evernorth,Cigna and Evernorth Careers,https://jobs.thecignagroup.com/us/en,https://jobs.thecignagroup.com/us/en,unknown,unknown,manual_official_career_page,src/lib/jobs/source-registry.ts#jobSources:cigna-evernorth; supabase/migrations/202609020003_job_source_expansion.sql,configured but unverified,never; zero job_source_runs in staging and production at audit time,never; zero job_source_runs in staging and production at audit time,"staging and production Supabase job_source_runs=0, jobs=0, job_source_references=0; audited 2026-09-08",not tested,none,0 (no successful run),0,0,manual_research_only,direct_link_only,https://jobs.thecignagroup.com/us/en,No structured adapter configured; manual official-page research only.
direct_employer_or_ats_tenant,progressive,Progressive Careers,https://careers.progressive.com/,https://careers.progressive.com/,unknown,unknown,manual_official_career_page,src/lib/jobs/source-registry.ts#jobSources:progressive; supabase/migrations/202609020003_job_source_expansion.sql,configured but unverified,never; zero job_source_runs in staging and production at audit time,never; zero job_source_runs in staging and production at audit time,"staging and production Supabase job_source_runs=0, jobs=0, job_source_references=0; audited 2026-09-08",not tested,none,0 (no successful run),0,0,manual_research_only,direct_link_only,https://careers.progressive.com/,No structured adapter configured; manual official-page research only.
direct_employer_or_ats_tenant,geico,GEICO Careers,https://careers.geico.com/us/en,https://careers.geico.com/us/en,unknown,unknown,manual_official_career_page,src/lib/jobs/source-registry.ts#jobSources:geico; supabase/migrations/202609020003_job_source_expansion.sql,configured but unverified,never; zero job_source_runs in staging and production at audit time,never; zero job_source_runs in staging and production at audit time,"staging and production Supabase job_source_runs=0, jobs=0, job_source_references=0; audited 2026-09-08",not tested,none,0 (no successful run),0,0,manual_research_only,direct_link_only,https://careers.geico.com/us/en,No structured adapter configured; manual official-page research only.
direct_employer_or_ats_tenant,liberty-mutual,Liberty Mutual Careers,https://jobs.libertymutualgroup.com/,https://jobs.libertymutualgroup.com/,unknown,unknown,manual_official_career_page,src/lib/jobs/source-registry.ts#jobSources:liberty-mutual; supabase/migrations/202609020003_job_source_expansion.sql,configured but unverified,never; zero job_source_runs in staging and production at audit time,never; zero job_source_runs in staging and production at audit time,"staging and production Supabase job_source_runs=0, jobs=0, job_source_references=0; audited 2026-09-08",not tested,none,0 (no successful run),0,0,manual_research_only,direct_link_only,https://jobs.libertymutualgroup.com/,No structured adapter configured; manual official-page research only.
direct_employer_or_ats_tenant,allstate,Allstate Careers,https://www.allstate.jobs/,https://www.allstate.jobs/,unknown,unknown,manual_official_career_page,src/lib/jobs/source-registry.ts#jobSources:allstate; supabase/migrations/202609020003_job_source_expansion.sql,configured but unverified,never; zero job_source_runs in staging and production at audit time,never; zero job_source_runs in staging and production at audit time,"staging and production Supabase job_source_runs=0, jobs=0, job_source_references=0; audited 2026-09-08",not tested,none,0 (no successful run),0,0,manual_research_only,direct_link_only,https://www.allstate.jobs/,No structured adapter configured; manual official-page research only.
direct_employer_or_ats_tenant,state-farm,State Farm Careers,https://jobs.statefarm.com/main0,https://jobs.statefarm.com/main0,unknown,unknown,manual_official_career_page,src/lib/jobs/source-registry.ts#jobSources:state-farm; supabase/migrations/202609020003_job_source_expansion.sql,configured but unverified,never; zero job_source_runs in staging and production at audit time,never; zero job_source_runs in staging and production at audit time,"staging and production Supabase job_source_runs=0, jobs=0, job_source_references=0; audited 2026-09-08",not tested,none,0 (no successful run),0,0,manual_research_only,direct_link_only,https://jobs.statefarm.com/main0,No structured adapter configured; manual official-page research only.
direct_employer_or_ats_tenant,broadpath,BroadPath Careers,https://broad-path.com/careers/,https://broad-path.com/careers/,unknown,unknown,manual_official_career_page,src/lib/jobs/source-registry.ts#jobSources:broadpath; supabase/migrations/202609020003_job_source_expansion.sql,configured but unverified,never; zero job_source_runs in staging and production at audit time,never; zero job_source_runs in staging and production at audit time,"staging and production Supabase job_source_runs=0, jobs=0, job_source_references=0; audited 2026-09-08",not tested,none,0 (no successful run),0,0,manual_research_only,direct_link_only,https://broad-path.com/careers/,No structured adapter configured; manual official-page research only.
direct_employer_or_ats_tenant,sedgwick,Sedgwick Careers,https://www.sedgwick.com/careers/,https://www.sedgwick.com/careers/,unknown,unknown,manual_official_career_page,src/lib/jobs/source-registry.ts#jobSources:sedgwick; supabase/migrations/202609020003_job_source_expansion.sql,configured but unverified,never; zero job_source_runs in staging and production at audit time,never; zero job_source_runs in staging and production at audit time,"staging and production Supabase job_source_runs=0, jobs=0, job_source_references=0; audited 2026-09-08",not tested,none,0 (no successful run),0,0,manual_research_only,direct_link_only,https://www.sedgwick.com/careers/,No structured adapter configured; manual official-page research only.
direct_employer_or_ats_tenant,american-express,American Express Careers,https://www.americanexpress.com/en-us/careers/,https://www.americanexpress.com/en-us/careers/,unknown,unknown,manual_official_career_page,src/lib/jobs/source-registry.ts#jobSources:american-express; supabase/migrations/202609020003_job_source_expansion.sql,configured but unverified,never; zero job_source_runs in staging and production at audit time,never; zero job_source_runs in staging and production at audit time,"staging and production Supabase job_source_runs=0, jobs=0, job_source_references=0; audited 2026-09-08",not tested,none,0 (no successful run),0,0,manual_research_only,direct_link_only,https://www.americanexpress.com/en-us/careers/,No structured adapter configured; manual official-page research only.
direct_employer_or_ats_tenant,capital-one,Capital One Careers,https://www.capitalonecareers.com/,https://www.capitalonecareers.com/,unknown,unknown,manual_official_career_page,src/lib/jobs/source-registry.ts#jobSources:capital-one; supabase/migrations/202609020003_job_source_expansion.sql,configured but unverified,never; zero job_source_runs in staging and production at audit time,never; zero job_source_runs in staging and production at audit time,"staging and production Supabase job_source_runs=0, jobs=0, job_source_references=0; audited 2026-09-08",not tested,none,0 (no successful run),0,0,manual_research_only,direct_link_only,https://www.capitalonecareers.com/,No structured adapter configured; manual official-page research only.
direct_employer_or_ats_tenant,chewy,Chewy Careers,https://careers.chewy.com/,https://careers.chewy.com/,unknown,unknown,manual_official_career_page,src/lib/jobs/source-registry.ts#jobSources:chewy; supabase/migrations/202609020003_job_source_expansion.sql,configured but unverified,never; zero job_source_runs in staging and production at audit time,never; zero job_source_runs in staging and production at audit time,"staging and production Supabase job_source_runs=0, jobs=0, job_source_references=0; audited 2026-09-08",not tested,none,0 (no successful run),0,0,manual_research_only,direct_link_only,https://careers.chewy.com/,No structured adapter configured; manual official-page research only.
direct_employer_or_ats_tenant,pearson,Pearson Careers,https://pearson.jobs/,https://pearson.jobs/,unknown,unknown,manual_official_career_page,src/lib/jobs/source-registry.ts#jobSources:pearson; supabase/migrations/202609020003_job_source_expansion.sql,configured but unverified,never; zero job_source_runs in staging and production at audit time,never; zero job_source_runs in staging and production at audit time,"staging and production Supabase job_source_runs=0, jobs=0, job_source_references=0; audited 2026-09-08",not tested,none,0 (no successful run),0,0,manual_research_only,direct_link_only,https://pearson.jobs/,No structured adapter configured; manual official-page research only.
direct_employer_or_ats_tenant,stride,Stride Inc. Careers,https://www.stridelearning.com/careers/,https://www.stridelearning.com/careers/,workday,strideinc/SK,manual_official_career_page,src/lib/jobs/source-registry.ts#jobSources:stride; supabase/migrations/202609020003_job_source_expansion.sql,configured but unverified,never; zero job_source_runs in staging and production at audit time,never; zero job_source_runs in staging and production at audit time,"staging and production Supabase job_source_runs=0, jobs=0, job_source_references=0; audited 2026-09-08",not tested,none,0 (no successful run),0,0,manual_research_only,direct_link_only,https://www.stridelearning.com/careers/,Requested as Stride K12. Official Workday tenant verified; no Workday adapter is implemented.
direct_employer_or_ats_tenant,transcom,Transcom Careers,https://careers.transcom.com/,https://careers.transcom.com/,unknown,unknown,manual_official_career_page,src/lib/jobs/source-registry.ts#jobSources:transcom; supabase/migrations/202609020003_job_source_expansion.sql,configured but unverified,never; zero job_source_runs in staging and production at audit time,never; zero job_source_runs in staging and production at audit time,"staging and production Supabase job_source_runs=0, jobs=0, job_source_references=0; audited 2026-09-08",not tested,none,0 (no successful run),0,0,manual_research_only,direct_link_only,https://careers.transcom.com/,No structured adapter configured; manual official-page research only.
direct_employer_or_ats_tenant,asurion,Asurion Careers,https://careers.asurion.com/,https://careers.asurion.com/,unknown,unknown,manual_official_career_page,src/lib/jobs/source-registry.ts#jobSources:asurion; supabase/migrations/202609020003_job_source_expansion.sql,configured but unverified,never; zero job_source_runs in staging and production at audit time,never; zero job_source_runs in staging and production at audit time,"staging and production Supabase job_source_runs=0, jobs=0, job_source_references=0; audited 2026-09-08",not tested,none,0 (no successful run),0,0,manual_research_only,direct_link_only,https://careers.asurion.com/,No structured adapter configured; manual official-page research only.
direct_employer_or_ats_tenant,carenet-health,Carenet Health Careers,https://talent.carenethealthcare.com/jobs/categories,https://talent.carenethealthcare.com/jobs/categories,unknown,unknown,manual_official_career_page,src/lib/jobs/source-registry.ts#jobSources:carenet-health; supabase/migrations/202609020003_job_source_expansion.sql,configured but unverified,never; zero job_source_runs in staging and production at audit time,never; zero job_source_runs in staging and production at audit time,"staging and production Supabase job_source_runs=0, jobs=0, job_source_references=0; audited 2026-09-08",not tested,none,0 (no successful run),0,0,manual_research_only,direct_link_only,https://talent.carenethealthcare.com/jobs/categories,No structured adapter configured; manual official-page research only.
direct_employer_or_ats_tenant,quest-diagnostics,Quest Diagnostics Careers,https://careers.questdiagnostics.com/,https://careers.questdiagnostics.com/,unknown,unknown,manual_official_career_page,src/lib/jobs/source-registry.ts#jobSources:quest-diagnostics; supabase/migrations/202609020003_job_source_expansion.sql,configured but unverified,never; zero job_source_runs in staging and production at audit time,never; zero job_source_runs in staging and production at audit time,"staging and production Supabase job_source_runs=0, jobs=0, job_source_references=0; audited 2026-09-08",not tested,none,0 (no successful run),0,0,manual_research_only,direct_link_only,https://careers.questdiagnostics.com/,No structured adapter configured; manual official-page research only.
direct_employer_or_ats_tenant,fidelity-investments,Fidelity Investments Careers,https://jobs.fidelity.com/,https://jobs.fidelity.com/,unknown,unknown,manual_official_career_page,src/lib/jobs/source-registry.ts#jobSources:fidelity-investments; supabase/migrations/202609020003_job_source_expansion.sql,configured but unverified,never; zero job_source_runs in staging and production at audit time,never; zero job_source_runs in staging and production at audit time,"staging and production Supabase job_source_runs=0, jobs=0, job_source_references=0; audited 2026-09-08",not tested,none,0 (no successful run),0,0,manual_research_only,direct_link_only,https://jobs.fidelity.com/,No structured adapter configured; manual official-page research only.
direct_employer_or_ats_tenant,first-citizens-bank,First Citizens Bank Careers,https://jobs.firstcitizens.com/,https://jobs.firstcitizens.com/,unknown,unknown,manual_official_career_page,src/lib/jobs/source-registry.ts#jobSources:first-citizens-bank; supabase/migrations/202609020003_job_source_expansion.sql,configured but unverified,never; zero job_source_runs in staging and production at audit time,never; zero job_source_runs in staging and production at audit time,"staging and production Supabase job_source_runs=0, jobs=0, job_source_references=0; audited 2026-09-08",not tested,none,0 (no successful run),0,0,manual_research_only,direct_link_only,https://jobs.firstcitizens.com/,No structured adapter configured; manual official-page research only.
direct_employer_or_ats_tenant,abc-legal-services,ABC Legal Services Careers,https://www.abclegal.com/careers,https://www.abclegal.com/careers,unknown,unknown,manual_official_career_page,src/lib/jobs/source-registry.ts#jobSources:abc-legal-services; supabase/migrations/202609020003_job_source_expansion.sql,configured but unverified,never; zero job_source_runs in staging and production at audit time,never; zero job_source_runs in staging and production at audit time,"staging and production Supabase job_source_runs=0, jobs=0, job_source_references=0; audited 2026-09-08",not tested,none,0 (no successful run),0,0,manual_research_only,direct_link_only,https://www.abclegal.com/careers,No structured adapter configured; manual official-page research only.
direct_employer_or_ats_tenant,labcorp,Labcorp Careers,https://careers.labcorp.com/,https://careers.labcorp.com/,unknown,unknown,manual_official_career_page,src/lib/jobs/source-registry.ts#jobSources:labcorp; supabase/migrations/202609020003_job_source_expansion.sql,configured but unverified,never; zero job_source_runs in staging and production at audit time,never; zero job_source_runs in staging and production at audit time,"staging and production Supabase job_source_runs=0, jobs=0, job_source_references=0; audited 2026-09-08",not tested,none,0 (no successful run),0,0,manual_research_only,direct_link_only,https://careers.labcorp.com/,No structured adapter configured; manual official-page research only.
direct_employer_or_ats_tenant,duolingo,Duolingo Careers,https://careers.duolingo.com/,https://boards-api.greenhouse.io/v1/boards/duolingo/jobs?content=true,greenhouse,duolingo,public_structured_endpoint,src/lib/jobs/source-registry.ts#jobSources:duolingo; supabase/migrations/202609080022_job_source_audit_and_requested_batch.sql,configured but unverified,never; zero job_source_runs in staging and production at audit time,never; zero job_source_runs in staging and production at audit time,"staging and production Supabase job_source_runs=0, jobs=0, job_source_references=0; audited 2026-09-08",HTTP 200; 89 published endpoint postings; not ingested,none,0 (no successful run),0,0,approved_public_endpoint,direct_link_only,https://developers.greenhouse.io/job-board.html,Requested employer batch. Bounded endpoint test passed 2026-09-08; not scheduled or persisted until reviewed activation.
direct_employer_or_ats_tenant,ultimate-medical-academy,Ultimate Medical Academy Careers,https://workatuma.com/,https://boards-api.greenhouse.io/v1/boards/umaeducationinc/jobs?content=true,greenhouse,umaeducationinc,public_structured_endpoint,src/lib/jobs/source-registry.ts#jobSources:ultimate-medical-academy; supabase/migrations/202609080022_job_source_audit_and_requested_batch.sql,configured but unverified,never; zero job_source_runs in staging and production at audit time,never; zero job_source_runs in staging and production at audit time,"staging and production Supabase job_source_runs=0, jobs=0, job_source_references=0; audited 2026-09-08",HTTP 200; 8 published endpoint postings; not ingested,none,0 (no successful run),0,0,approved_public_endpoint,direct_link_only,https://developers.greenhouse.io/job-board.html,Requested employer batch. Bounded endpoint test passed 2026-09-08; not scheduled or persisted until reviewed activation.
direct_employer_or_ats_tenant,brightwheel,Brightwheel Careers,https://mybrightwheel.com/careers/,https://api.ashbyhq.com/posting-api/job-board/brightwheel?includeCompensation=true,ashby,brightwheel,public_structured_endpoint,src/lib/jobs/source-registry.ts#jobSources:brightwheel; supabase/migrations/202609080022_job_source_audit_and_requested_batch.sql,configured but unverified,never; zero job_source_runs in staging and production at audit time,never; zero job_source_runs in staging and production at audit time,"staging and production Supabase job_source_runs=0, jobs=0, job_source_references=0; audited 2026-09-08",HTTP 200; 19 published endpoint postings; not ingested,none,0 (no successful run),0,0,approved_public_endpoint,direct_link_only,https://developers.ashbyhq.com/docs/public-job-posting-api,Requested employer batch. Bounded endpoint test passed 2026-09-08; not scheduled or persisted until reviewed activation.
direct_employer_or_ats_tenant,classdojo,ClassDojo Careers,https://www.classdojo.com/jobs/,https://www.classdojo.com/jobs/,unknown,unknown,manual_official_career_page,src/lib/jobs/source-registry.ts#jobSources:classdojo; supabase/migrations/202609080022_job_source_audit_and_requested_batch.sql,configured but unverified,never; zero job_source_runs in staging and production at audit time,never; zero job_source_runs in staging and production at audit time,"staging and production Supabase job_source_runs=0, jobs=0, job_source_references=0; audited 2026-09-08",not tested,none,0 (no successful run),0,0,manual_research_only,direct_link_only,https://www.classdojo.com/jobs/,Requested employer batch. Official page verified; no supported public ATS tenant was identified.
direct_employer_or_ats_tenant,capella-university,Capella University Careers,https://www.capella.edu/careers/,https://www.capella.edu/careers/,workday,strayer/CU_Careers,manual_official_career_page,src/lib/jobs/source-registry.ts#jobSources:capella-university; supabase/migrations/202609080022_job_source_audit_and_requested_batch.sql,configured but unverified,never; zero job_source_runs in staging and production at audit time,never; zero job_source_runs in staging and production at audit time,"staging and production Supabase job_source_runs=0, jobs=0, job_source_references=0; audited 2026-09-08",not tested,none,0 (no successful run),0,0,manual_research_only,direct_link_only,https://www.capella.edu/careers/,Requested employer batch. Workday tenant verified; no Workday adapter is implemented.
direct_employer_or_ats_tenant,outschool,Outschool Careers,https://outschool.com/careers,https://boards-api.greenhouse.io/v1/boards/outschool/jobs?content=true,greenhouse,outschool,public_structured_endpoint,src/lib/jobs/source-registry.ts#jobSources:outschool; supabase/migrations/202609080022_job_source_audit_and_requested_batch.sql,configured but unverified,never; zero job_source_runs in staging and production at audit time,never; zero job_source_runs in staging and production at audit time,"staging and production Supabase job_source_runs=0, jobs=0, job_source_references=0; audited 2026-09-08",HTTP 200; 4 published endpoint postings; not ingested,none,0 (no successful run),0,0,approved_public_endpoint,direct_link_only,https://developers.greenhouse.io/job-board.html,Requested employer batch. Bounded endpoint test passed 2026-09-08; not scheduled or persisted until reviewed activation.
direct_employer_or_ats_tenant,stripe,Stripe Careers,https://stripe.com/careers/search,https://boards-api.greenhouse.io/v1/boards/stripe/jobs?content=true,greenhouse,stripe,public_structured_endpoint,src/lib/jobs/source-registry.ts#jobSources:stripe; supabase/migrations/202609080022_job_source_audit_and_requested_batch.sql,configured but unverified,never; zero job_source_runs in staging and production at audit time,never; zero job_source_runs in staging and production at audit time,"staging and production Supabase job_source_runs=0, jobs=0, job_source_references=0; audited 2026-09-08",HTTP 200; 619 published endpoint postings; not ingested,none,0 (no successful run),0,0,approved_public_endpoint,direct_link_only,https://developers.greenhouse.io/job-board.html,Requested employer batch. Bounded endpoint test passed 2026-09-08; specialized roles require relevance filtering; not scheduled.
direct_employer_or_ats_tenant,block,Block Careers,https://block.xyz/careers/jobs,https://boards-api.greenhouse.io/v1/boards/block/jobs?content=true,greenhouse,block,public_structured_endpoint,src/lib/jobs/source-registry.ts#jobSources:block; supabase/migrations/202609080022_job_source_audit_and_requested_batch.sql,configured but unverified,never; zero job_source_runs in staging and production at audit time,never; zero job_source_runs in staging and production at audit time,"staging and production Supabase job_source_runs=0, jobs=0, job_source_references=0; audited 2026-09-08",HTTP 200; 206 published endpoint postings; not ingested,none,0 (no successful run),0,0,approved_public_endpoint,direct_link_only,https://developers.greenhouse.io/job-board.html,Requested employer batch. Bounded endpoint test passed 2026-09-08; specialized roles require relevance filtering; not scheduled.
direct_employer_or_ats_tenant,coinbase,Coinbase Careers,https://www.coinbase.com/careers/positions?location=all,https://boards-api.greenhouse.io/v1/boards/coinbase/jobs?content=true,greenhouse,coinbase,public_structured_endpoint,src/lib/jobs/source-registry.ts#jobSources:coinbase; supabase/migrations/202609080022_job_source_audit_and_requested_batch.sql,configured but unverified,never; zero job_source_runs in staging and production at audit time,never; zero job_source_runs in staging and production at audit time,"staging and production Supabase job_source_runs=0, jobs=0, job_source_references=0; audited 2026-09-08",HTTP 200; 206 published endpoint postings; not ingested,none,0 (no successful run),0,0,approved_public_endpoint,direct_link_only,https://developers.greenhouse.io/job-board.html,Requested employer batch. Bounded endpoint test passed 2026-09-08; specialized roles require relevance filtering; not scheduled.
direct_employer_or_ats_tenant,gitlab,GitLab Careers,https://about.gitlab.com/jobs/,https://about.gitlab.com/jobs/,unknown,unknown,manual_official_career_page,src/lib/jobs/source-registry.ts#jobSources:gitlab; supabase/migrations/202609020003_job_source_expansion.sql,configured but unverified,never; zero job_source_runs in staging and production at audit time,never; zero job_source_runs in staging and production at audit time,"staging and production Supabase job_source_runs=0, jobs=0, job_source_references=0; audited 2026-09-08",not tested,none,0 (no successful run),0,0,manual_research_only,direct_link_only,https://about.gitlab.com/jobs/,"Remote-first, but openings may be specialized and highly competitive."
direct_employer_or_ats_tenant,zapier,Zapier Careers,https://zapier.com/jobs,https://zapier.com/jobs,unknown,unknown,manual_official_career_page,src/lib/jobs/source-registry.ts#jobSources:zapier; supabase/migrations/202609020003_job_source_expansion.sql,configured but unverified,never; zero job_source_runs in staging and production at audit time,never; zero job_source_runs in staging and production at audit time,"staging and production Supabase job_source_runs=0, jobs=0, job_source_references=0; audited 2026-09-08",not tested,none,0 (no successful run),0,0,manual_research_only,direct_link_only,https://zapier.com/jobs,"Remote-first, but openings may be specialized and highly competitive."
direct_employer_or_ats_tenant,automattic,Automattic Careers,https://automattic.com/work-with-us/,https://automattic.com/work-with-us/,unknown,unknown,manual_official_career_page,src/lib/jobs/source-registry.ts#jobSources:automattic; supabase/migrations/202609020003_job_source_expansion.sql,configured but unverified,never; zero job_source_runs in staging and production at audit time,never; zero job_source_runs in staging and production at audit time,"staging and production Supabase job_source_runs=0, jobs=0, job_source_references=0; audited 2026-09-08",not tested,none,0 (no successful run),0,0,manual_research_only,direct_link_only,https://automattic.com/work-with-us/,"Remote-first, but openings may be specialized and highly competitive."
direct_employer_or_ats_tenant,amazon,Amazon Careers,https://www.amazon.jobs/en/,https://www.amazon.jobs/en/,unknown,unknown,manual_official_career_page,src/lib/jobs/source-registry.ts#jobSources:amazon; supabase/migrations/202609020003_job_source_expansion.sql,configured but unverified,never; zero job_source_runs in staging and production at audit time,never; zero job_source_runs in staging and production at audit time,"staging and production Supabase job_source_runs=0, jobs=0, job_source_references=0; audited 2026-09-08",not tested,none,0 (no successful run),0,0,manual_research_only,direct_link_only,https://www.amazon.jobs/en/,No structured adapter configured; manual official-page research only.
direct_employer_or_ats_tenant,apple,Apple Careers,https://jobs.apple.com/en-us/search,https://jobs.apple.com/en-us/search,unknown,unknown,manual_official_career_page,src/lib/jobs/source-registry.ts#jobSources:apple; supabase/migrations/202609020003_job_source_expansion.sql,configured but unverified,never; zero job_source_runs in staging and production at audit time,never; zero job_source_runs in staging and production at audit time,"staging and production Supabase job_source_runs=0, jobs=0, job_source_references=0; audited 2026-09-08",not tested,none,0 (no successful run),0,0,manual_research_only,direct_link_only,https://jobs.apple.com/en-us/search,No structured adapter configured; manual official-page research only.
direct_employer_or_ats_tenant,dell-technologies,Dell Technologies Careers,https://jobs.dell.com/,https://jobs.dell.com/,unknown,unknown,manual_official_career_page,src/lib/jobs/source-registry.ts#jobSources:dell-technologies; supabase/migrations/202609020003_job_source_expansion.sql,configured but unverified,never; zero job_source_runs in staging and production at audit time,never; zero job_source_runs in staging and production at audit time,"staging and production Supabase job_source_runs=0, jobs=0, job_source_references=0; audited 2026-09-08",not tested,none,0 (no successful run),0,0,manual_research_only,direct_link_only,https://jobs.dell.com/,No structured adapter configured; manual official-page research only.
direct_employer_or_ats_tenant,hp,HP Careers,https://jobs.hp.com/,https://jobs.hp.com/,unknown,unknown,manual_official_career_page,src/lib/jobs/source-registry.ts#jobSources:hp; supabase/migrations/202609020003_job_source_expansion.sql,configured but unverified,never; zero job_source_runs in staging and production at audit time,never; zero job_source_runs in staging and production at audit time,"staging and production Supabase job_source_runs=0, jobs=0, job_source_references=0; audited 2026-09-08",not tested,none,0 (no successful run),0,0,manual_research_only,direct_link_only,https://jobs.hp.com/,No structured adapter configured; manual official-page research only.
direct_employer_or_ats_tenant,salesforce,Salesforce Careers,https://careers.salesforce.com/en/jobs/,https://careers.salesforce.com/en/jobs/,unknown,unknown,manual_official_career_page,src/lib/jobs/source-registry.ts#jobSources:salesforce; supabase/migrations/202609020003_job_source_expansion.sql,configured but unverified,never; zero job_source_runs in staging and production at audit time,never; zero job_source_runs in staging and production at audit time,"staging and production Supabase job_source_runs=0, jobs=0, job_source_references=0; audited 2026-09-08",not tested,none,0 (no successful run),0,0,manual_research_only,direct_link_only,https://careers.salesforce.com/en/jobs/,No structured adapter configured; manual official-page research only.
direct_employer_or_ats_tenant,hubspot,HubSpot Careers,https://www.hubspot.com/careers/jobs,https://www.hubspot.com/careers/jobs,unknown,unknown,manual_official_career_page,src/lib/jobs/source-registry.ts#jobSources:hubspot; supabase/migrations/202609020003_job_source_expansion.sql,configured but unverified,never; zero job_source_runs in staging and production at audit time,never; zero job_source_runs in staging and production at audit time,"staging and production Supabase job_source_runs=0, jobs=0, job_source_references=0; audited 2026-09-08",not tested,none,0 (no successful run),0,0,manual_research_only,direct_link_only,https://www.hubspot.com/careers/jobs,No structured adapter configured; manual official-page research only.
direct_employer_or_ats_tenant,wells-fargo,Wells Fargo Careers,https://www.wellsfargojobs.com/en/,https://www.wellsfargojobs.com/en/,unknown,unknown,manual_official_career_page,src/lib/jobs/source-registry.ts#jobSources:wells-fargo; supabase/migrations/202609020003_job_source_expansion.sql,configured but unverified,never; zero job_source_runs in staging and production at audit time,never; zero job_source_runs in staging and production at audit time,"staging and production Supabase job_source_runs=0, jobs=0, job_source_references=0; audited 2026-09-08",not tested,none,0 (no successful run),0,0,manual_research_only,direct_link_only,https://www.wellsfargojobs.com/en/,No structured adapter configured; manual official-page research only.
direct_employer_or_ats_tenant,us-bank,U.S. Bank Careers,https://careers.usbank.com/,https://careers.usbank.com/,unknown,unknown,manual_official_career_page,src/lib/jobs/source-registry.ts#jobSources:us-bank; supabase/migrations/202609020003_job_source_expansion.sql,configured but unverified,never; zero job_source_runs in staging and production at audit time,never; zero job_source_runs in staging and production at audit time,"staging and production Supabase job_source_runs=0, jobs=0, job_source_references=0; audited 2026-09-08",not tested,none,0 (no successful run),0,0,manual_research_only,direct_link_only,https://careers.usbank.com/,No structured adapter configured; manual official-page research only.
direct_employer_or_ats_tenant,pnc-bank,PNC Bank Careers,https://careers.pnc.com/global/en,https://careers.pnc.com/global/en,unknown,unknown,manual_official_career_page,src/lib/jobs/source-registry.ts#jobSources:pnc-bank; supabase/migrations/202609020003_job_source_expansion.sql,configured but unverified,never; zero job_source_runs in staging and production at audit time,never; zero job_source_runs in staging and production at audit time,"staging and production Supabase job_source_runs=0, jobs=0, job_source_references=0; audited 2026-09-08",not tested,none,0 (no successful run),0,0,manual_research_only,direct_link_only,https://careers.pnc.com/global/en,No structured adapter configured; manual official-page research only.
direct_employer_or_ats_tenant,xerox,Xerox Careers,https://www.xerox.com/en-us/jobs,https://www.xerox.com/en-us/jobs,unknown,unknown,manual_official_career_page,src/lib/jobs/source-registry.ts#jobSources:xerox; supabase/migrations/202609020003_job_source_expansion.sql,configured but unverified,never; zero job_source_runs in staging and production at audit time,never; zero job_source_runs in staging and production at audit time,"staging and production Supabase job_source_runs=0, jobs=0, job_source_references=0; audited 2026-09-08",not tested,none,0 (no successful run),0,0,manual_research_only,direct_link_only,https://www.xerox.com/en-us/jobs,No structured adapter configured; manual official-page research only.
direct_employer_or_ats_tenant,wayfair,Wayfair Careers,https://www.wayfair.com/careers/jobs,https://www.wayfair.com/careers/jobs,unknown,unknown,manual_official_career_page,src/lib/jobs/source-registry.ts#jobSources:wayfair; supabase/migrations/202609020003_job_source_expansion.sql,configured but unverified,never; zero job_source_runs in staging and production at audit time,never; zero job_source_runs in staging and production at audit time,"staging and production Supabase job_source_runs=0, jobs=0, job_source_references=0; audited 2026-09-08",not tested,none,0 (no successful run),0,0,manual_research_only,direct_link_only,https://www.wayfair.com/careers/jobs,No structured adapter configured; manual official-page research only.
direct_employer_or_ats_tenant,nordstrom,Nordstrom Careers,https://careers.nordstrom.com/,https://careers.nordstrom.com/,unknown,unknown,manual_official_career_page,src/lib/jobs/source-registry.ts#jobSources:nordstrom; supabase/migrations/202609020003_job_source_expansion.sql,configured but unverified,never; zero job_source_runs in staging and production at audit time,never; zero job_source_runs in staging and production at audit time,"staging and production Supabase job_source_runs=0, jobs=0, job_source_references=0; audited 2026-09-08",not tested,none,0 (no successful run),0,0,manual_research_only,direct_link_only,https://careers.nordstrom.com/,No structured adapter configured; manual official-page research only.
direct_employer_or_ats_tenant,williams-sonoma,Williams-Sonoma Careers,https://www.williams-sonomainc.com/careers/jobs/,https://www.williams-sonomainc.com/careers/jobs/,unknown,unknown,manual_official_career_page,src/lib/jobs/source-registry.ts#jobSources:williams-sonoma; supabase/migrations/202609020003_job_source_expansion.sql,configured but unverified,never; zero job_source_runs in staging and production at audit time,never; zero job_source_runs in staging and production at audit time,"staging and production Supabase job_source_runs=0, jobs=0, job_source_references=0; audited 2026-09-08",not tested,none,0 (no successful run),0,0,manual_research_only,direct_link_only,https://www.williams-sonomainc.com/careers/jobs/,No structured adapter configured; manual official-page research only.
direct_employer_or_ats_tenant,intuit,Intuit Careers,https://jobs.intuit.com/,https://jobs.intuit.com/,unknown,unknown,manual_official_career_page,src/lib/jobs/source-registry.ts#jobSources:intuit; supabase/migrations/202609020003_job_source_expansion.sql,configured but unverified,never; zero job_source_runs in staging and production at audit time,never; zero job_source_runs in staging and production at audit time,"staging and production Supabase job_source_runs=0, jobs=0, job_source_references=0; audited 2026-09-08",not tested,none,0 (no successful run),0,0,manual_research_only,direct_link_only,https://jobs.intuit.com/,No structured adapter configured; manual official-page research only.
direct_employer_or_ats_tenant,iqvia,IQVIA Careers,https://jobs.iqvia.com/en,https://jobs.iqvia.com/en,unknown,unknown,manual_official_career_page,src/lib/jobs/source-registry.ts#jobSources:iqvia; supabase/migrations/202609020003_job_source_expansion.sql,configured but unverified,never; zero job_source_runs in staging and production at audit time,never; zero job_source_runs in staging and production at audit time,"staging and production Supabase job_source_runs=0, jobs=0, job_source_references=0; audited 2026-09-08",not tested,none,0 (no successful run),0,0,manual_research_only,direct_link_only,https://jobs.iqvia.com/en,No structured adapter configured; manual official-page research only.
direct_employer_or_ats_tenant,wipro,Wipro Careers,https://careers.wipro.com/,https://careers.wipro.com/,unknown,unknown,manual_official_career_page,src/lib/jobs/source-registry.ts#jobSources:wipro; supabase/migrations/202609020003_job_source_expansion.sql,configured but unverified,never; zero job_source_runs in staging and production at audit time,never; zero job_source_runs in staging and production at audit time,"staging and production Supabase job_source_runs=0, jobs=0, job_source_references=0; audited 2026-09-08",not tested,none,0 (no successful run),0,0,manual_research_only,direct_link_only,https://careers.wipro.com/,No structured adapter configured; manual official-page research only.
direct_employer_or_ats_tenant,vf-corporation,VF Corporation Careers,https://www.vfc.com/careers,https://www.vfc.com/careers,unknown,unknown,manual_official_career_page,src/lib/jobs/source-registry.ts#jobSources:vf-corporation; supabase/migrations/202609020003_job_source_expansion.sql,configured but unverified,never; zero job_source_runs in staging and production at audit time,never; zero job_source_runs in staging and production at audit time,"staging and production Supabase job_source_runs=0, jobs=0, job_source_references=0; audited 2026-09-08",not tested,none,0 (no successful run),0,0,manual_research_only,direct_link_only,https://www.vfc.com/careers,No structured adapter configured; manual official-page research only.
direct_employer_or_ats_tenant,whirlpool,Whirlpool Careers,https://jobs.whirlpool.com/,https://jobs.whirlpool.com/,unknown,unknown,manual_official_career_page,src/lib/jobs/source-registry.ts#jobSources:whirlpool; supabase/migrations/202609020003_job_source_expansion.sql,configured but unverified,never; zero job_source_runs in staging and production at audit time,never; zero job_source_runs in staging and production at audit time,"staging and production Supabase job_source_runs=0, jobs=0, job_source_references=0; audited 2026-09-08",not tested,none,0 (no successful run),0,0,manual_research_only,direct_link_only,https://jobs.whirlpool.com/,No structured adapter configured; manual official-page research only.
direct_employer_or_ats_tenant,cbre,CBRE Careers,https://www.cbre.com/careers,https://www.cbre.com/careers,unknown,unknown,manual_official_career_page,src/lib/jobs/source-registry.ts#jobSources:cbre; supabase/migrations/202609020003_job_source_expansion.sql,configured but unverified,never; zero job_source_runs in staging and production at audit time,never; zero job_source_runs in staging and production at audit time,"staging and production Supabase job_source_runs=0, jobs=0, job_source_references=0; audited 2026-09-08",not tested,none,0 (no successful run),0,0,manual_research_only,direct_link_only,https://www.cbre.com/careers,No structured adapter configured; manual official-page research only.
direct_employer_or_ats_tenant,driven-brands,Driven Brands Careers,https://careers.drivenbrands.com/,https://careers.drivenbrands.com/,unknown,unknown,manual_official_career_page,src/lib/jobs/source-registry.ts#jobSources:driven-brands; supabase/migrations/202609020003_job_source_expansion.sql,configured but unverified,never; zero job_source_runs in staging and production at audit time,never; zero job_source_runs in staging and production at audit time,"staging and production Supabase job_source_runs=0, jobs=0, job_source_references=0; audited 2026-09-08",not tested,none,0 (no successful run),0,0,manual_research_only,direct_link_only,https://careers.drivenbrands.com/,No structured adapter configured; manual official-page research only.
direct_employer_or_ats_tenant,agero,Agero Careers,https://www.agero.com/careers,https://www.agero.com/careers,unknown,unknown,manual_official_career_page,src/lib/jobs/source-registry.ts#jobSources:agero; supabase/migrations/202609020003_job_source_expansion.sql,configured but unverified,never; zero job_source_runs in staging and production at audit time,never; zero job_source_runs in staging and production at audit time,"staging and production Supabase job_source_runs=0, jobs=0, job_source_references=0; audited 2026-09-08",not tested,none,0 (no successful run),0,0,manual_research_only,direct_link_only,https://www.agero.com/careers,No structured adapter configured; manual official-page research only.
direct_employer_or_ats_tenant,u-haul,U-Haul Careers,https://jobs.uhaul.com/,https://jobs.uhaul.com/,unknown,unknown,manual_official_career_page,src/lib/jobs/source-registry.ts#jobSources:u-haul; supabase/migrations/202609020003_job_source_expansion.sql,configured but unverified,never; zero job_source_runs in staging and production at audit time,never; zero job_source_runs in staging and production at audit time,"staging and production Supabase job_source_runs=0, jobs=0, job_source_references=0; audited 2026-09-08",not tested,none,0 (no successful run),0,0,manual_research_only,direct_link_only,https://jobs.uhaul.com/,No structured adapter configured; manual official-page research only.
direct_employer_or_ats_tenant,momentus-technologies,Momentus Technologies Careers,https://gomomentus.com/careers/,https://gomomentus.com/careers/,unknown,unknown,manual_official_career_page,src/lib/jobs/source-registry.ts#jobSources:momentus-technologies; supabase/migrations/202609020003_job_source_expansion.sql,configured but unverified,never; zero job_source_runs in staging and production at audit time,never; zero job_source_runs in staging and production at audit time,"staging and production Supabase job_source_runs=0, jobs=0, job_source_references=0; audited 2026-09-08",not tested,none,0 (no successful run),0,0,manual_research_only,direct_link_only,https://gomomentus.com/careers/,No structured adapter configured; manual official-page research only.
direct_employer_or_ats_tenant,encoura,Encoura Careers,https://www.encoura.org/about-encoura/join-us/,https://www.encoura.org/about-encoura/join-us/,unknown,unknown,manual_official_career_page,src/lib/jobs/source-registry.ts#jobSources:encoura; supabase/migrations/202609020003_job_source_expansion.sql,configured but unverified,never; zero job_source_runs in staging and production at audit time,never; zero job_source_runs in staging and production at audit time,"staging and production Supabase job_source_runs=0, jobs=0, job_source_references=0; audited 2026-09-08",not tested,none,0 (no successful run),0,0,manual_research_only,direct_link_only,https://www.encoura.org/about-encoura/join-us/,No structured adapter configured; manual official-page research only.
direct_employer_or_ats_tenant,notifymd,notifyMD Careers,unknown,unknown,unknown,unknown,manual_official_career_page,src/lib/jobs/source-registry.ts#jobSources:notifymd; supabase/migrations/202609020003_job_source_expansion.sql,configured but unverified,never; zero job_source_runs in staging and production at audit time,never; zero job_source_runs in staging and production at audit time,"staging and production Supabase job_source_runs=0, jobs=0, job_source_references=0; audited 2026-09-08",not tested,none,0 (no successful run),0,0,manual_research_only,direct_link_only,unknown,"Employer identity is known, but no current official careers or supported ATS endpoint was verified. Pending official-source verification."
direct_employer_or_ats_tenant,amerit-fleet-solutions,Amerit Fleet Solutions Careers,https://www.ameritfleetsolutions.com/careers/,https://www.ameritfleetsolutions.com/careers/,unknown,unknown,manual_official_career_page,src/lib/jobs/source-registry.ts#jobSources:amerit-fleet-solutions; supabase/migrations/202609020003_job_source_expansion.sql,configured but unverified,never; zero job_source_runs in staging and production at audit time,never; zero job_source_runs in staging and production at audit time,"staging and production Supabase job_source_runs=0, jobs=0, job_source_references=0; audited 2026-09-08",not tested,none,0 (no successful run),0,0,manual_research_only,direct_link_only,https://www.ameritfleetsolutions.com/careers/,No structured adapter configured; manual official-page research only.
direct_employer_or_ats_tenant,nexrep,NexRep Careers,https://nexrep.com/agents/opportunities/,https://nexrep.com/agents/opportunities/,unknown,unknown,manual_official_career_page,src/lib/jobs/source-registry.ts#jobSources:nexrep; supabase/migrations/202609020003_job_source_expansion.sql,configured but unverified,never; zero job_source_runs in staging and production at audit time,never; zero job_source_runs in staging and production at audit time,"staging and production Supabase job_source_runs=0, jobs=0, job_source_references=0; audited 2026-09-08",not tested,none,0 (no successful run),0,0,manual_research_only,direct_link_only,https://nexrep.com/agents/opportunities/,No structured adapter configured; manual official-page research only.
direct_employer_or_ats_tenant,modsquad,ModSquad Careers,https://modsquad.wd5.myworkdayjobs.com/ModSquad_Contractor,https://modsquad.wd5.myworkdayjobs.com/ModSquad_Contractor,unknown,unknown,manual_official_career_page,src/lib/jobs/source-registry.ts#jobSources:modsquad; supabase/migrations/202609020003_job_source_expansion.sql,configured but unverified,never; zero job_source_runs in staging and production at audit time,never; zero job_source_runs in staging and production at audit time,"staging and production Supabase job_source_runs=0, jobs=0, job_source_references=0; audited 2026-09-08",not tested,none,0 (no successful run),0,0,manual_research_only,direct_link_only,https://modsquad.wd5.myworkdayjobs.com/ModSquad_Contractor,No structured adapter configured; manual official-page research only.
direct_employer_or_ats_tenant,working-solutions,Working Solutions Careers,https://jobs.workingsolutions.com/,https://jobs.workingsolutions.com/,unknown,unknown,manual_official_career_page,src/lib/jobs/source-registry.ts#jobSources:working-solutions; supabase/migrations/202609020003_job_source_expansion.sql,configured but unverified,never; zero job_source_runs in staging and production at audit time,never; zero job_source_runs in staging and production at audit time,"staging and production Supabase job_source_runs=0, jobs=0, job_source_references=0; audited 2026-09-08",not tested,none,0 (no successful run),0,0,manual_research_only,direct_link_only,https://jobs.workingsolutions.com/,No structured adapter configured; manual official-page research only.
direct_employer_or_ats_tenant,vipdesk-connect,VIPdesk Connect Careers,https://jobs.lever.co/vipdesk,https://api.lever.co/v0/postings/vipdesk?mode=json,lever,vipdesk,public_structured_endpoint,src/lib/jobs/source-registry.ts#jobSources:vipdesk-connect; supabase/migrations/202609020003_job_source_expansion.sql,configured but unverified,never; zero job_source_runs in staging and production at audit time,never; zero job_source_runs in staging and production at audit time,"staging and production Supabase job_source_runs=0, jobs=0, job_source_references=0; audited 2026-09-08",HTTP 200; 2 published endpoint postings; not ingested,none,0 (no successful run),0,0,approved_public_endpoint,direct_link_only,https://github.com/lever/postings-api,unknown
direct_employer_or_ats_tenant,kelly-services,Kelly Services Careers,https://www.mykelly.com/,https://www.mykelly.com/,unknown,unknown,manual_official_career_page,src/lib/jobs/source-registry.ts#jobSources:kelly-services; supabase/migrations/202609020003_job_source_expansion.sql,configured but unverified,never; zero job_source_runs in staging and production at audit time,never; zero job_source_runs in staging and production at audit time,"staging and production Supabase job_source_runs=0, jobs=0, job_source_references=0; audited 2026-09-08",not tested,none,0 (no successful run),0,0,manual_research_only,direct_link_only,https://www.mykelly.com/,No structured adapter configured; manual official-page research only.
direct_employer_or_ats_tenant,teksystems,TEKsystems Careers,https://www.teksystems.com/en/careers,https://www.teksystems.com/en/careers,unknown,unknown,manual_official_career_page,src/lib/jobs/source-registry.ts#jobSources:teksystems; supabase/migrations/202609020003_job_source_expansion.sql,configured but unverified,never; zero job_source_runs in staging and production at audit time,never; zero job_source_runs in staging and production at audit time,"staging and production Supabase job_source_runs=0, jobs=0, job_source_references=0; audited 2026-09-08",not tested,none,0 (no successful run),0,0,manual_research_only,direct_link_only,https://www.teksystems.com/en/careers,No structured adapter configured; manual official-page research only.
direct_employer_or_ats_tenant,five-star-call-centers,Five Star Call Centers Careers,https://jobs.lever.co/getfivestar,https://api.lever.co/v0/postings/getfivestar?mode=json,lever,getfivestar,public_structured_endpoint,src/lib/jobs/source-registry.ts#jobSources:five-star-call-centers; supabase/migrations/202609020003_job_source_expansion.sql,configured but unverified,never; zero job_source_runs in staging and production at audit time,never; zero job_source_runs in staging and production at audit time,"staging and production Supabase job_source_runs=0, jobs=0, job_source_references=0; audited 2026-09-08",HTTP 200; 81 published endpoint postings; not ingested,none,0 (no successful run),0,0,approved_public_endpoint,direct_link_only,https://github.com/lever/postings-api,unknown
job_board_aggregator_or_feed,manual-reviewed,Manual reviewed source,unknown,unknown,none,unknown,manual_import,src/lib/jobs/source-registry.ts#jobSources:manual-reviewed; supabase/migrations/202609020003_job_source_expansion.sql,manual batch,never; zero job_source_runs in staging and production at audit time,never; zero job_source_runs in staging and production at audit time,"staging and production Supabase job_source_runs=0, jobs=0, job_source_references=0; audited 2026-09-08",not tested,none,0 (no successful run),0,0,unverified,unverified,unknown,Compatibility source for human-reviewed jobs entered through the existing exact-10 delivery contract.
job_board_aggregator_or_feed,indeed,Indeed,https://www.indeed.com/,https://www.indeed.com/,none,unknown,manual_import,src/lib/jobs/source-registry.ts#jobSources:indeed; supabase/migrations/202609020003_job_source_expansion.sql,manual batch,never; zero job_source_runs in staging and production at audit time,never; zero job_source_runs in staging and production at audit time,"staging and production Supabase job_source_runs=0, jobs=0, job_source_references=0; audited 2026-09-08",not tested,none,0 (no successful run),0,0,unverified,unverified,https://www.indeed.com/,Compatibility record for externally supplied Indeed results. Direct employer links outrank duplicates.
job_board_aggregator_or_feed,hiringcafe,HiringCafe,https://hiring.cafe/,https://hiring.cafe/,none,unknown,manual_import,src/lib/jobs/source-registry.ts#jobSources:hiringcafe; supabase/migrations/202609020003_job_source_expansion.sql,manual batch,never; zero job_source_runs in staging and production at audit time,never; zero job_source_runs in staging and production at audit time,"staging and production Supabase job_source_runs=0, jobs=0, job_source_references=0; audited 2026-09-08",not tested,none,0 (no successful run),0,0,unverified,unverified,https://hiring.cafe/,Compatibility record for externally supplied HiringCafe results. Direct employer links outrank duplicates.
job_board_aggregator_or_feed,edtech-com-fully-remote,EdTech.com Fully Remote Jobs,https://www.edtech.com/jobs/fully-remote-jobs,https://www.edtech.com/jobs/fully-remote-jobs,none,none,blocked,src/lib/jobs/source-registry.ts#jobSources:edtech-com-fully-remote; supabase/migrations/202609080022_job_source_audit_and_requested_batch.sql,blocked,never; zero job_source_runs in staging and production at audit time,never; zero job_source_runs in staging and production at audit time,"staging and production Supabase job_source_runs=0, jobs=0, job_source_references=0; audited 2026-09-08",not tested,none,0 (no successful run),0,0,requires_license_or_written_permission,requires_license_or_written_permission,https://www.edtech.com/terms,Evaluated 2026-09-08. The page returned HTTP 403 to the audit client and no ingestion or paid-display license was established. Do not ingest or display until written permission or a licensed feed is recorded.
reference_directory_not_ingestion_source,bcbs-affiliate-directory,Blue Cross Blue Shield affiliate career directory,https://www.bcbs.com/about-us/jobs-careers,https://www.bcbs.com/about-us/jobs-careers,none,none,manual_official_career_page,src/lib/jobs/source-registry.ts#affiliateDirectories:bcbs-affiliate-directory; supabase/migrations/202609020003_job_source_expansion.sql,configured but unverified,never,never,directory registry only; audited 2026-09-08,not tested,none,0 (no successful run),0,0,manual_research_only,direct_link_only,https://www.bcbs.com/about-us/jobs-careers,Directory only. Create a source only for a verified local affiliate and store that affiliate as the employer.
reference_directory_not_ingestion_source,aaa-affiliate-directory,AAA affiliate career directory,https://careers.aaa.com/,https://careers.aaa.com/,none,none,manual_official_career_page,src/lib/jobs/source-registry.ts#affiliateDirectories:aaa-affiliate-directory; supabase/migrations/202609020003_job_source_expansion.sql,configured but unverified,never,never,directory registry only; audited 2026-09-08,not tested,none,0 (no successful run),0,0,manual_research_only,direct_link_only,https://careers.aaa.com/,Directory only. Create a source only for a verified club or affiliate and store that affiliate as the employer.
